participant,a0,v0,aav0,vav0,a1,v1,aav1,vav1
sub-PJE0610,0,0,0,0,53,61,62,66
sub-PSV2801,0,0,0,0,47,57,61,59
sub-PEF0102,0,0,0,0,73,68,66,64
sub-Pcb0805,0,0,0,0,56,39,40,29
sub-PZG0801,0,0,0,0,51,60,66,63
sub-PLD2501,0,0,0,0,51,58,63,63
sub-PJFS0801,0,0,0,0,51,42,60,47
sub-PND1607,0,0,0,0,56,46,67,66
sub-PSL2804,0,0,0,0,60,62,75,75
sub-PMF0711,0,0,0,0,73,60,74,69
sub-PMFH0507,0,0,0,0,47,31,60,46
sub-PEJ0511,0,0,0,0,58,56,69,63
